sensor_id,timestamp,temperature,humidity,location,sensor_type
1090,2025-04-08 19:11:10,34.87,45.56,BuildingB_Floor1,TypeB
1012,2025-04-09 17:18:52,16.91,30.0,BuildingB_Floor2,TypeB
1045,2025-04-08 00:05:38,19.14,65.03,BuildingA_Floor2,TypeA
1069,2025-04-08 01:10:56,27.82,57.78,BuildingA_Floor2,TypeC
1075,2025-04-09 22:12:17,31.62,54.89,BuildingA_Floor1,TypeC
1098,2025-04-10 06:29:40,29.93,39.62,BuildingA_Floor2,TypeA
1003,2025-04-07 05:00:49,23.28,67.92,BuildingA_Floor2,TypeA
1054,2025-04-07 20:30:28,25.03,73.37,BuildingB_Floor2,TypeB
1080,2025-04-07 21:30:24,23.36,48.36,BuildingB_Floor2,TypeA
1080,2025-04-09 10:49:52,21.4,34.58,BuildingA_Floor2,TypeA
1018,2025-04-08 05:15:21,26.7,52.85,BuildingA_Floor1,TypeC
1052,2025-04-11 14:46:04,26.16,66.62,BuildingB_Floor1,TypeA
1091,2025-04-08 10:00:41,20.68,57.75,BuildingA_Floor1,TypeB
1010,2025-04-09 15:03:03,29.2,63.78,BuildingA_Floor2,TypeC
1030,2025-04-10 09:22:01,28.22,70.05,BuildingA_Floor2,TypeA
1067,2025-04-09 18:10:01,29.34,62.96,BuildingB_Floor2,TypeB
1097,2025-04-07 23:32:37,26.36,39.06,BuildingA_Floor1,TypeB
1031,2025-04-11 03:28:40,18.82,48.67,BuildingB_Floor2,TypeC
1047,2025-04-10 05:18:08,25.14,72.84,BuildingA_Floor2,TypeA
1035,2025-04-07 15:11:22,32.75,40.54,BuildingB_Floor1,TypeB
1058,2025-04-11 02:01:41,23.59,62.77,BuildingB_Floor2,TypeC
1091,2025-04-09 08:47:21,19.78,39.45,BuildingA_Floor1,TypeA
1025,2025-04-10 09:10:54,29.05,37.94,BuildingB_Floor1,TypeA
1093,2025-04-09 02:59:58,31.85,71.84,BuildingB_Floor2,TypeA
1066,2025-04-08 17:46:55,22.35,75.52,BuildingA_Floor2,TypeA
1061,2025-04-07 04:01:31,19.22,68.03,BuildingA_Floor2,TypeB
1054,2025-04-10 02:23:00,32.74,42.61,BuildingA_Floor2,TypeA
1076,2025-04-07 20:10:33,24.21,76.74,BuildingA_Floor1,TypeA
1080,2025-04-11 15:43:27,20.41,48.38,BuildingA_Floor2,TypeB
1054,2025-04-09 12:11:05,30.01,41.93,BuildingA_Floor1,TypeA
1053,2025-04-08 10:04:35,18.3,78.97,BuildingA_Floor1,TypeB
1063,2025-04-10 03:40:34,31.5,67.8,BuildingA_Floor2,TypeC
1066,2025-04-11 00:21:43,15.51,71.69,BuildingB_Floor2,TypeA
1086,2025-04-09 13:57:35,17.63,59.52,BuildingA_Floor2,TypeB
1085,2025-04-11 23:01:30,17.14,74.66,BuildingA_Floor1,TypeA
1096,2025-04-08 20:01:58,19.36,72.02,BuildingB_Floor1,TypeC
1018,2025-04-09 09:47:59,25.48,46.23,BuildingB_Floor2,TypeA
1005,2025-04-07 07:57:20,16.45,78.12,BuildingA_Floor2,TypeC
1018,2025-04-10 10:39:07,33.5,60.39,BuildingB_Floor1,TypeB
1005,2025-04-09 14:04:39,25.77,60.88,BuildingB_Floor1,TypeC
1077,2025-04-10 13:22:12,30.6,34.98,BuildingB_Floor1,TypeB
1080,2025-04-09 18:40:45,23.01,73.42,BuildingA_Floor1,TypeA
1068,2025-04-10 12:20:09,25.07,61.44,BuildingA_Floor2,TypeC
1097,2025-04-10 19:29:26,31.87,61.11,BuildingA_Floor2,TypeB
1065,2025-04-11 02:38:58,31.62,70.67,BuildingB_Floor2,TypeA
1054,2025-04-07 19:59:31,31.19,58.53,BuildingA_Floor2,TypeC
1014,2025-04-10 06:15:30,34.92,77.51,BuildingA_Floor2,TypeC
1045,2025-04-07 12:31:14,19.71,73.46,BuildingA_Floor1,TypeB
1075,2025-04-09 09:43:22,29.78,45.69,BuildingB_Floor1,TypeA
1091,2025-04-11 00:48:24,22.96,34.97,BuildingA_Floor1,TypeB
1030,2025-04-09 09:15:00,15.66,57.18,BuildingB_Floor1,TypeA
1060,2025-04-08 00:23:05,23.08,53.18,BuildingA_Floor1,TypeA
1003,2025-04-11 03:53:58,25.81,40.19,BuildingB_Floor1,TypeA
1052,2025-04-08 20:54:53,15.49,33.79,BuildingB_Floor2,TypeC
1009,2025-04-10 20:02:28,33.85,67.27,BuildingA_Floor1,TypeC
1093,2025-04-08 03:14:36,15.9,51.32,BuildingB_Floor1,TypeC
1042,2025-04-07 08:27:21,27.66,41.49,BuildingA_Floor1,TypeA
1048,2025-04-07 07:16:59,21.95,43.3,BuildingA_Floor2,TypeA
1081,2025-04-11 20:42:59,26.14,30.68,BuildingA_Floor1,TypeB
1069,2025-04-07 08:46:19,26.09,35.97,BuildingA_Floor1,TypeA
1035,2025-04-08 22:58:35,25.03,66.25,BuildingA_Floor2,TypeC
1063,2025-04-09 22:57:04,34.17,59.98,BuildingA_Floor2,TypeC
1032,2025-04-08 13:28:05,23.0,60.37,BuildingB_Floor1,TypeA
1017,2025-04-10 21:24:25,17.54,70.0,BuildingB_Floor2,TypeB
1037,2025-04-08 15:42:20,16.98,75.28,BuildingA_Floor1,TypeC
1040,2025-04-09 09:11:22,25.7,32.07,BuildingB_Floor2,TypeB
1073,2025-04-08 03:52:41,31.21,64.88,BuildingB_Floor2,TypeB
1021,2025-04-07 13:24:25,20.22,51.35,BuildingA_Floor2,TypeC
1069,2025-04-09 15:13:30,16.23,77.33,BuildingA_Floor2,TypeB
1001,2025-04-08 07:55:44,27.87,47.35,BuildingA_Floor1,TypeC
1025,2025-04-10 06:00:52,33.11,47.84,BuildingA_Floor1,TypeC
1036,2025-04-09 01:20:19,27.02,37.72,BuildingB_Floor1,TypeB
1067,2025-04-11 10:51:02,16.99,73.77,BuildingA_Floor1,TypeA
1036,2025-04-08 06:28:08,20.47,71.44,BuildingB_Floor1,TypeB
1037,2025-04-07 22:54:31,20.09,59.39,BuildingB_Floor1,TypeC
1085,2025-04-10 14:48:39,27.9,47.88,BuildingA_Floor1,TypeB
1064,2025-04-09 00:40:48,30.12,65.39,BuildingB_Floor1,TypeC
1040,2025-04-09 01:31:27,33.95,74.63,BuildingA_Floor1,TypeC
1079,2025-04-08 13:57:29,29.2,35.49,BuildingB_Floor1,TypeA
1070,2025-04-08 07:01:44,24.78,39.36,BuildingB_Floor2,TypeA
1057,2025-04-07 06:17:46,34.96,35.38,BuildingB_Floor1,TypeB
1049,2025-04-11 08:31:10,26.39,56.38,BuildingB_Floor1,TypeC
1036,2025-04-08 20:49:53,16.36,49.36,BuildingA_Floor2,TypeC
1077,2025-04-10 11:14:14,20.55,66.95,BuildingB_Floor2,TypeC
1075,2025-04-08 14:54:34,26.02,79.74,BuildingA_Floor2,TypeA
1003,2025-04-11 19:55:14,25.27,40.19,BuildingB_Floor2,TypeB
1093,2025-04-07 12:33:20,18.95,52.43,BuildingA_Floor1,TypeB
1034,2025-04-07 11:54:24,28.93,56.07,BuildingA_Floor2,TypeC
1067,2025-04-07 21:51:45,20.86,31.24,BuildingB_Floor1,TypeC
1043,2025-04-09 14:17:34,25.02,51.82,BuildingB_Floor2,TypeC
1072,2025-04-09 13:40:35,27.69,57.21,BuildingB_Floor2,TypeA
1068,2025-04-07 23:27:04,21.66,31.91,BuildingA_Floor2,TypeC
1082,2025-04-08 10:31:44,25.59,67.15,BuildingA_Floor1,TypeA
1009,2025-04-09 18:17:50,28.82,38.02,BuildingA_Floor2,TypeB
1048,2025-04-08 23:43:19,29.16,64.59,BuildingB_Floor1,TypeC
1077,2025-04-11 01:28:19,17.93,34.32,BuildingB_Floor1,TypeA
1092,2025-04-09 01:09:25,27.45,53.04,BuildingA_Floor1,TypeA
1074,2025-04-10 07:20:06,28.12,42.85,BuildingB_Floor2,TypeC
1053,2025-04-09 03:00:51,23.53,53.59,BuildingA_Floor1,TypeC
1081,2025-04-11 00:48:40,27.58,39.35,BuildingB_Floor1,TypeB
1083,2025-04-11 04:22:48,22.37,74.92,BuildingA_Floor2,TypeC
1033,2025-04-11 12:25:38,28.43,43.02,BuildingA_Floor2,TypeC
1023,2025-04-07 10:43:43,31.88,39.99,BuildingA_Floor2,TypeB
1066,2025-04-10 12:12:15,23.67,44.69,BuildingA_Floor1,TypeB
1014,2025-04-11 18:29:10,23.49,49.85,BuildingA_Floor1,TypeB
1042,2025-04-07 03:52:17,18.77,52.2,BuildingA_Floor1,TypeC
1088,2025-04-10 13:59:48,20.44,63.92,BuildingB_Floor1,TypeA
1055,2025-04-12 01:53:32,26.16,45.13,BuildingA_Floor1,TypeB
1043,2025-04-08 12:55:06,18.91,76.01,BuildingA_Floor1,TypeC
1000,2025-04-09 23:51:51,26.21,43.47,BuildingB_Floor2,TypeB
1010,2025-04-10 04:53:39,19.53,66.35,BuildingB_Floor1,TypeA
1084,2025-04-11 08:20:51,15.28,31.41,BuildingB_Floor2,TypeB
1008,2025-04-08 15:29:15,23.87,68.44,BuildingA_Floor2,TypeA
1062,2025-04-11 00:09:46,30.59,40.05,BuildingA_Floor2,TypeC
1036,2025-04-09 19:57:41,24.48,39.79,BuildingA_Floor2,TypeB
1028,2025-04-11 02:00:23,17.42,59.44,BuildingA_Floor1,TypeA
1066,2025-04-07 12:36:52,16.67,39.32,BuildingA_Floor1,TypeA
1084,2025-04-11 20:40:43,19.95,45.09,BuildingB_Floor1,TypeB
1097,2025-04-10 09:22:41,16.29,74.97,BuildingA_Floor1,TypeB
1093,2025-04-11 17:58:31,23.85,76.6,BuildingA_Floor1,TypeC
1034,2025-04-08 18:25:13,16.64,57.75,BuildingB_Floor1,TypeC
1035,2025-04-10 21:36:33,17.84,71.14,BuildingA_Floor2,TypeA
1005,2025-04-07 21:52:03,20.21,76.35,BuildingA_Floor2,TypeC
1034,2025-04-10 16:17:53,15.98,60.09,BuildingB_Floor2,TypeC
1028,2025-04-08 11:36:24,27.74,43.73,BuildingB_Floor2,TypeC
1015,2025-04-07 14:21:44,25.32,33.24,BuildingA_Floor2,TypeC
1000,2025-04-10 15:37:29,30.03,52.57,BuildingB_Floor2,TypeB
1027,2025-04-10 04:31:52,15.65,76.82,BuildingA_Floor1,TypeB
1078,2025-04-09 02:13:07,18.64,34.54,BuildingB_Floor1,TypeB
1090,2025-04-08 22:25:26,32.28,73.53,BuildingA_Floor1,TypeA
1059,2025-04-11 00:21:47,25.78,48.19,BuildingB_Floor2,TypeC
1043,2025-04-08 13:15:58,27.68,47.94,BuildingB_Floor2,TypeC
1026,2025-04-09 22:09:25,29.22,79.61,BuildingA_Floor1,TypeB
1042,2025-04-07 21:18:46,31.23,69.17,BuildingA_Floor1,TypeC
1057,2025-04-08 22:29:17,34.35,56.61,BuildingA_Floor2,TypeC
1087,2025-04-07 16:31:33,26.09,50.61,BuildingA_Floor1,TypeA
1041,2025-04-07 21:41:27,34.62,56.65,BuildingA_Floor2,TypeC
1020,2025-04-08 15:59:30,33.9,51.55,BuildingA_Floor1,TypeB
1082,2025-04-11 05:49:46,27.39,52.69,BuildingB_Floor1,TypeB
1093,2025-04-09 15:57:08,27.91,31.19,BuildingB_Floor2,TypeC
1100,2025-04-10 03:09:52,29.2,44.92,BuildingA_Floor1,TypeA
1005,2025-04-08 11:12:24,15.42,64.78,BuildingA_Floor2,TypeB
1088,2025-04-10 06:25:18,18.33,70.88,BuildingA_Floor1,TypeB
1079,2025-04-10 22:10:51,19.81,58.5,BuildingB_Floor1,TypeB
1081,2025-04-11 19:18:53,27.57,57.73,BuildingB_Floor1,TypeB
1017,2025-04-10 08:26:58,28.7,55.24,BuildingA_Floor2,TypeC
1016,2025-04-09 10:14:21,20.78,72.27,BuildingB_Floor2,TypeC
1082,2025-04-07 16:58:11,15.72,50.08,BuildingB_Floor2,TypeA
1040,2025-04-09 17:07:30,15.95,65.1,BuildingB_Floor1,TypeC
1090,2025-04-10 17:45:00,18.8,64.43,BuildingB_Floor1,TypeC
1076,2025-04-07 09:17:54,33.49,58.76,BuildingA_Floor2,TypeC
1083,2025-04-10 17:47:52,16.43,51.45,BuildingB_Floor2,TypeB
1051,2025-04-08 20:30:01,24.67,59.12,BuildingA_Floor2,TypeB
1020,2025-04-08 17:21:00,24.95,30.46,BuildingB_Floor2,TypeA
1091,2025-04-10 12:59:55,19.22,45.8,BuildingA_Floor1,TypeB
1040,2025-04-07 23:23:45,30.79,46.66,BuildingA_Floor2,TypeB
1010,2025-04-08 07:17:17,34.66,70.92,BuildingA_Floor1,TypeA
1017,2025-04-09 20:15:14,29.99,41.25,BuildingB_Floor2,TypeB
1049,2025-04-11 16:01:37,20.06,72.78,BuildingA_Floor1,TypeB
1078,2025-04-10 22:41:33,30.8,69.77,BuildingB_Floor2,TypeC
1038,2025-04-11 17:11:25,31.39,65.8,BuildingA_Floor2,TypeA
1019,2025-04-07 12:35:05,21.23,54.86,BuildingB_Floor2,TypeC
1047,2025-04-08 13:38:26,17.13,66.08,BuildingB_Floor1,TypeB
1028,2025-04-10 19:25:49,25.69,74.44,BuildingA_Floor1,TypeC
1089,2025-04-11 21:19:57,16.71,56.23,BuildingB_Floor2,TypeA
1031,2025-04-11 19:05:28,19.84,32.72,BuildingA_Floor1,TypeB
1080,2025-04-07 19:09:51,19.24,78.99,BuildingA_Floor1,TypeA
1039,2025-04-07 07:19:06,17.97,78.02,BuildingB_Floor2,TypeB
1055,2025-04-08 12:52:06,32.54,40.11,BuildingB_Floor2,TypeA
1093,2025-04-11 01:21:09,15.12,49.84,BuildingB_Floor1,TypeA
1054,2025-04-10 17:39:57,16.39,71.04,BuildingA_Floor2,TypeB
1013,2025-04-07 13:01:58,17.42,37.16,BuildingA_Floor2,TypeB
1042,2025-04-11 14:49:54,34.24,72.15,BuildingB_Floor1,TypeA
1008,2025-04-10 23:57:23,18.11,37.17,BuildingB_Floor1,TypeC
1048,2025-04-11 08:46:41,17.49,34.52,BuildingB_Floor1,TypeA
1077,2025-04-08 06:19:35,16.14,38.14,BuildingA_Floor2,TypeC
1025,2025-04-11 06:57:06,25.17,30.44,BuildingA_Floor1,TypeB
1072,2025-04-08 19:45:16,20.19,41.6,BuildingA_Floor1,TypeA
1019,2025-04-08 22:16:48,22.21,77.36,BuildingB_Floor1,TypeB
1084,2025-04-09 14:03:26,15.75,68.12,BuildingA_Floor2,TypeB
1073,2025-04-08 04:19:48,29.8,38.4,BuildingB_Floor2,TypeB
1053,2025-04-10 15:02:55,18.49,32.98,BuildingB_Floor2,TypeC
1047,2025-04-07 02:16:22,21.59,78.76,BuildingA_Floor2,TypeB
1034,2025-04-07 08:28:44,18.5,74.43,BuildingA_Floor2,TypeB
1030,2025-04-08 16:49:18,23.49,61.7,BuildingA_Floor2,TypeA
1090,2025-04-10 17:00:53,17.07,40.68,BuildingA_Floor2,TypeB
1004,2025-04-08 21:23:05,18.85,46.83,BuildingB_Floor1,TypeC
1065,2025-04-08 03:59:24,34.88,42.87,BuildingA_Floor1,TypeB
1049,2025-04-10 04:18:01,27.23,79.69,BuildingA_Floor1,TypeA
1093,2025-04-09 19:25:28,19.06,53.8,BuildingB_Floor1,TypeC
1011,2025-04-11 15:08:47,26.85,36.41,BuildingA_Floor2,TypeA
1018,2025-04-10 12:14:16,28.03,78.06,BuildingA_Floor1,TypeB
1030,2025-04-08 18:56:52,16.64,47.15,BuildingA_Floor1,TypeC
1009,2025-04-09 11:03:03,30.66,37.89,BuildingA_Floor1,TypeA
1073,2025-04-07 06:44:37,32.21,48.79,BuildingB_Floor2,TypeB
1097,2025-04-08 05:15:05,19.06,33.03,BuildingB_Floor2,TypeC
1000,2025-04-11 02:33:28,34.89,42.59,BuildingB_Floor2,TypeC
1097,2025-04-11 16:23:18,21.74,48.63,BuildingA_Floor2,TypeC
1074,2025-04-10 04:24:52,22.01,70.62,BuildingA_Floor1,TypeB
1066,2025-04-11 02:32:47,32.94,49.53,BuildingB_Floor2,TypeA
1069,2025-04-08 12:21:23,24.32,75.45,BuildingA_Floor2,TypeA
1002,2025-04-08 15:11:37,17.08,69.42,BuildingA_Floor2,TypeC
1072,2025-04-08 23:15:19,30.2,43.97,BuildingB_Floor1,TypeB
1091,2025-04-08 23:38:16,27.82,37.6,BuildingA_Floor1,TypeB
1015,2025-04-10 05:19:51,30.41,43.39,BuildingA_Floor1,TypeB
1086,2025-04-11 23:29:14,33.15,33.47,BuildingA_Floor1,TypeC
1092,2025-04-08 01:08:02,18.62,60.58,BuildingA_Floor1,TypeA
1026,2025-04-08 13:01:03,24.92,30.67,BuildingB_Floor2,TypeC
1069,2025-04-09 19:05:37,24.76,31.33,BuildingA_Floor2,TypeA
1032,2025-04-07 03:54:40,24.86,66.45,BuildingB_Floor1,TypeA
1012,2025-04-10 05:41:13,24.51,50.49,BuildingA_Floor1,TypeC
1096,2025-04-09 10:32:16,31.92,43.55,BuildingA_Floor1,TypeA
1076,2025-04-10 08:58:39,31.51,64.2,BuildingA_Floor2,TypeA
1085,2025-04-09 03:26:30,15.39,63.81,BuildingB_Floor1,TypeA
1010,2025-04-09 12:36:01,21.7,40.16,BuildingB_Floor2,TypeA
1005,2025-04-12 00:27:23,30.75,63.09,BuildingA_Floor2,TypeA
1094,2025-04-07 12:33:34,28.59,47.08,BuildingA_Floor1,TypeB
1019,2025-04-11 21:30:52,24.83,58.05,BuildingA_Floor2,TypeC
1026,2025-04-08 10:17:20,19.11,32.93,BuildingB_Floor1,TypeC
1009,2025-04-11 09:41:50,24.33,52.62,BuildingB_Floor1,TypeA
1048,2025-04-11 08:35:44,34.34,72.44,BuildingA_Floor1,TypeC
1065,2025-04-08 21:28:59,32.67,73.99,BuildingA_Floor2,TypeA
1043,2025-04-09 16:07:46,22.66,45.3,BuildingA_Floor2,TypeA
1018,2025-04-07 13:05:27,23.61,34.42,BuildingA_Floor2,TypeC
1061,2025-04-07 08:12:31,17.21,59.95,BuildingA_Floor1,TypeB
1095,2025-04-10 12:06:24,16.32,39.55,BuildingA_Floor1,TypeA
1006,2025-04-07 02:28:10,29.23,40.27,BuildingA_Floor2,TypeB
1001,2025-04-10 01:21:21,25.76,35.79,BuildingB_Floor2,TypeC
1088,2025-04-09 07:46:37,24.69,52.73,BuildingA_Floor2,TypeC
1002,2025-04-10 03:24:51,33.83,32.22,BuildingA_Floor1,TypeB
1026,2025-04-08 18:26:55,25.42,36.58,BuildingB_Floor1,TypeB
1095,2025-04-08 10:24:40,27.54,49.37,BuildingB_Floor2,TypeB
1014,2025-04-08 16:11:10,22.86,73.82,BuildingB_Floor1,TypeC
1065,2025-04-08 09:15:39,29.49,65.62,BuildingA_Floor1,TypeB
1012,2025-04-11 10:40:20,29.2,61.28,BuildingA_Floor2,TypeC
1057,2025-04-09 21:37:27,16.9,63.35,BuildingA_Floor1,TypeC
1024,2025-04-10 16:56:04,18.42,59.13,BuildingB_Floor2,TypeA
1001,2025-04-11 17:59:18,25.0,74.49,BuildingB_Floor2,TypeB
1054,2025-04-09 09:25:56,27.79,60.11,BuildingA_Floor1,TypeC
1081,2025-04-07 12:07:51,32.3,47.05,BuildingA_Floor2,TypeB
1089,2025-04-07 04:20:04,31.87,45.12,BuildingB_Floor1,TypeC
1100,2025-04-11 17:52:38,30.31,59.8,BuildingB_Floor1,TypeA
1060,2025-04-10 13:24:54,26.0,47.09,BuildingA_Floor1,TypeB
1065,2025-04-08 15:23:47,21.07,32.46,BuildingB_Floor2,TypeB
1004,2025-04-12 01:08:21,34.69,43.21,BuildingB_Floor1,TypeB
1051,2025-04-08 14:57:51,26.48,54.35,BuildingA_Floor1,TypeC
1017,2025-04-08 23:17:04,30.54,30.33,BuildingA_Floor2,TypeB
1039,2025-04-11 18:44:37,22.95,79.65,BuildingA_Floor1,TypeC
1087,2025-04-08 21:55:39,31.74,53.12,BuildingA_Floor2,TypeB
1062,2025-04-11 19:09:14,23.3,34.08,BuildingB_Floor2,TypeA
1041,2025-04-08 08:49:02,32.55,53.9,BuildingB_Floor1,TypeC
1084,2025-04-11 12:36:06,28.83,68.39,BuildingA_Floor1,TypeB
1082,2025-04-10 04:55:46,26.02,63.62,BuildingA_Floor2,TypeC
1029,2025-04-08 00:20:02,28.39,44.18,BuildingA_Floor1,TypeB
1065,2025-04-07 07:30:29,25.24,59.06,BuildingB_Floor2,TypeB
1071,2025-04-10 03:23:32,34.46,68.19,BuildingA_Floor1,TypeA
1067,2025-04-10 13:26:50,20.71,54.41,BuildingA_Floor2,TypeB
1066,2025-04-11 23:06:52,24.8,55.17,BuildingA_Floor1,TypeA
1077,2025-04-09 00:41:48,17.22,48.69,BuildingA_Floor1,TypeA
1097,2025-04-10 10:34:17,26.55,48.6,BuildingA_Floor2,TypeA
1054,2025-04-09 11:13:10,18.67,42.94,BuildingB_Floor1,TypeB
1030,2025-04-07 03:27:05,22.39,50.87,BuildingA_Floor1,TypeA
1098,2025-04-07 16:54:21,27.12,58.95,BuildingA_Floor1,TypeC
1062,2025-04-09 04:50:02,22.81,56.33,BuildingA_Floor2,TypeA
1029,2025-04-10 02:20:54,21.94,72.42,BuildingB_Floor2,TypeA
1095,2025-04-08 04:11:48,20.59,49.45,BuildingA_Floor2,TypeB
1036,2025-04-10 11:56:55,21.01,65.94,BuildingB_Floor1,TypeA
1015,2025-04-10 02:42:05,32.78,45.17,BuildingA_Floor2,TypeC
1014,2025-04-08 15:11:43,20.01,54.11,BuildingA_Floor2,TypeA
1008,2025-04-10 02:43:49,17.52,76.75,BuildingB_Floor1,TypeA
1053,2025-04-09 06:17:35,28.53,37.51,BuildingB_Floor2,TypeC
1086,2025-04-07 09:44:05,33.18,41.86,BuildingB_Floor1,TypeA
1016,2025-04-09 02:04:05,19.38,61.63,BuildingA_Floor1,TypeB
1053,2025-04-10 22:11:34,21.84,39.67,BuildingA_Floor2,TypeA
1057,2025-04-07 22:39:22,25.18,41.61,BuildingB_Floor1,TypeA
1063,2025-04-11 06:13:13,25.39,40.86,BuildingB_Floor2,TypeA
1093,2025-04-09 10:20:16,19.03,40.22,BuildingB_Floor1,TypeC
1098,2025-04-08 07:30:29,30.75,70.02,BuildingB_Floor1,TypeC
1094,2025-04-11 02:55:29,18.58,43.61,BuildingB_Floor1,TypeA
1011,2025-04-07 13:04:05,15.88,38.38,BuildingB_Floor2,TypeC
1099,2025-04-11 01:37:28,34.1,71.08,BuildingB_Floor1,TypeB
1008,2025-04-09 20:18:11,31.97,66.77,BuildingA_Floor2,TypeA
1054,2025-04-11 21:20:24,30.33,42.07,BuildingB_Floor1,TypeB
1036,2025-04-11 10:55:36,20.07,67.92,BuildingB_Floor1,TypeA
1049,2025-04-09 17:04:58,30.32,50.86,BuildingB_Floor2,TypeB
1054,2025-04-07 09:27:27,20.36,54.86,BuildingB_Floor2,TypeC
1016,2025-04-10 16:58:30,33.88,67.95,BuildingA_Floor1,TypeB
1084,2025-04-11 11:04:52,34.34,65.14,BuildingB_Floor1,TypeA
1095,2025-04-07 23:21:32,23.83,48.47,BuildingA_Floor2,TypeC
1034,2025-04-11 20:38:36,31.44,55.69,BuildingB_Floor2,TypeA
1038,2025-04-07 09:21:20,20.27,71.42,BuildingA_Floor1,TypeA
1037,2025-04-11 17:25:24,15.55,79.98,BuildingA_Floor1,TypeC
1017,2025-04-10 03:59:25,31.35,45.24,BuildingB_Floor1,TypeA
1050,2025-04-09 15:03:30,22.47,52.83,BuildingA_Floor1,TypeB
1032,2025-04-10 18:34:11,26.35,73.63,BuildingA_Floor1,TypeC
1029,2025-04-09 22:40:18,26.75,61.02,BuildingB_Floor2,TypeB
1057,2025-04-11 19:18:05,18.8,38.2,BuildingB_Floor2,TypeA
1013,2025-04-09 21:44:43,24.92,62.34,BuildingA_Floor1,TypeB
1008,2025-04-09 23:55:35,30.83,75.75,BuildingB_Floor1,TypeA
1029,2025-04-08 11:38:21,23.03,64.82,BuildingA_Floor1,TypeA
1055,2025-04-11 22:48:25,18.21,61.04,BuildingA_Floor2,TypeB
1077,2025-04-12 01:28:04,26.75,34.44,BuildingB_Floor1,TypeC
1039,2025-04-07 08:55:59,19.02,61.69,BuildingA_Floor2,TypeC
1055,2025-04-07 17:43:19,27.95,30.41,BuildingA_Floor2,TypeB
1050,2025-04-08 11:48:38,24.4,49.75,BuildingA_Floor1,TypeC
1065,2025-04-12 00:30:04,30.14,31.04,BuildingA_Floor2,TypeA
1026,2025-04-08 04:22:32,26.03,50.25,BuildingB_Floor1,TypeC
1059,2025-04-10 20:54:56,28.32,51.71,BuildingB_Floor1,TypeA
1065,2025-04-07 17:52:19,30.23,68.08,BuildingA_Floor1,TypeB
1051,2025-04-10 03:21:37,33.02,72.26,BuildingB_Floor2,TypeC
1015,2025-04-11 10:48:03,16.67,36.14,BuildingB_Floor2,TypeC
1017,2025-04-11 00:11:58,22.11,63.2,BuildingB_Floor1,TypeA
1060,2025-04-08 04:07:33,26.55,54.48,BuildingA_Floor1,TypeA
1002,2025-04-10 23:51:39,26.44,69.62,BuildingA_Floor2,TypeA
1075,2025-04-08 11:52:05,20.07,52.18,BuildingA_Floor1,TypeC
1031,2025-04-10 02:14:31,17.59,33.72,BuildingA_Floor1,TypeB
1050,2025-04-10 17:14:34,18.78,74.99,BuildingB_Floor1,TypeA
1003,2025-04-10 21:11:41,30.24,79.81,BuildingA_Floor2,TypeA
1082,2025-04-09 02:00:38,34.36,74.27,BuildingA_Floor1,TypeC
1050,2025-04-08 11:14:58,34.06,47.04,BuildingA_Floor1,TypeB
1059,2025-04-08 19:51:13,18.82,72.14,BuildingB_Floor2,TypeB
1028,2025-04-08 22:59:47,16.22,62.52,BuildingB_Floor1,TypeC
1018,2025-04-10 19:40:59,31.58,48.23,BuildingA_Floor2,TypeC
1056,2025-04-07 16:15:47,34.62,33.81,BuildingA_Floor1,TypeB
1083,2025-04-07 03:02:00,25.19,63.12,BuildingA_Floor1,TypeB
1064,2025-04-07 20:10:51,25.13,57.8,BuildingB_Floor1,TypeA
1061,2025-04-08 16:04:45,15.71,65.73,BuildingB_Floor2,TypeC
1097,2025-04-11 07:16:57,18.1,31.4,BuildingB_Floor1,TypeB
1058,2025-04-09 07:07:23,26.82,30.02,BuildingB_Floor2,TypeA
1087,2025-04-08 14:50:11,17.83,61.54,BuildingB_Floor1,TypeC
1048,2025-04-07 09:33:59,34.52,56.68,BuildingA_Floor1,TypeC
1002,2025-04-10 11:10:47,30.54,79.52,BuildingB_Floor1,TypeC
1038,2025-04-08 09:01:11,15.11,60.7,BuildingA_Floor1,TypeA
1085,2025-04-07 05:51:09,33.61,53.51,BuildingB_Floor2,TypeA
1010,2025-04-10 11:14:37,22.93,66.52,BuildingB_Floor1,TypeB
1065,2025-04-10 21:41:59,32.57,66.01,BuildingB_Floor1,TypeB
1009,2025-04-10 15:39:52,24.87,55.8,BuildingA_Floor1,TypeB
1045,2025-04-07 08:15:30,24.16,75.7,BuildingA_Floor1,TypeB
1085,2025-04-10 09:10:44,31.75,44.7,BuildingA_Floor1,TypeA
1037,2025-04-08 12:55:40,25.85,60.77,BuildingB_Floor1,TypeC
1048,2025-04-11 00:28:57,26.93,74.95,BuildingA_Floor1,TypeC
1051,2025-04-07 10:16:06,33.41,41.55,BuildingB_Floor1,TypeC
1079,2025-04-08 04:34:38,20.19,68.58,BuildingB_Floor2,TypeC
1073,2025-04-09 00:00:58,34.46,58.72,BuildingA_Floor1,TypeB
1013,2025-04-08 23:47:18,15.42,45.65,BuildingB_Floor2,TypeA
1027,2025-04-11 18:21:34,19.14,46.82,BuildingB_Floor1,TypeC
1042,2025-04-08 05:55:57,32.41,74.42,BuildingA_Floor2,TypeB
1099,2025-04-07 12:06:30,23.43,76.49,BuildingB_Floor2,TypeC
1006,2025-04-07 12:35:39,25.27,42.75,BuildingA_Floor1,TypeC
1058,2025-04-09 21:12:24,17.99,57.85,BuildingA_Floor1,TypeA
1086,2025-04-07 13:41:06,27.77,38.96,BuildingA_Floor2,TypeA
1033,2025-04-10 15:13:24,24.31,59.19,BuildingB_Floor2,TypeA
1093,2025-04-10 10:56:09,24.54,63.49,BuildingB_Floor2,TypeB
1094,2025-04-09 00:26:35,31.27,75.53,BuildingB_Floor2,TypeB
1097,2025-04-07 17:15:43,26.21,71.23,BuildingA_Floor2,TypeB
1005,2025-04-09 18:59:59,34.18,51.2,BuildingB_Floor1,TypeB
1079,2025-04-10 16:39:05,33.64,50.04,BuildingA_Floor2,TypeC
1098,2025-04-08 21:31:42,34.49,30.02,BuildingB_Floor2,TypeC
1027,2025-04-08 17:07:23,23.39,35.11,BuildingA_Floor1,TypeA
1008,2025-04-07 18:14:28,16.62,56.07,BuildingB_Floor2,TypeB
1084,2025-04-11 20:55:44,17.06,75.4,BuildingB_Floor1,TypeB
1030,2025-04-08 08:11:31,25.02,61.27,BuildingA_Floor1,TypeC
1065,2025-04-09 18:17:56,17.14,69.18,BuildingA_Floor2,TypeC
1060,2025-04-09 21:18:05,32.89,75.18,BuildingA_Floor2,TypeA
1088,2025-04-07 14:32:10,26.51,53.51,BuildingB_Floor2,TypeC
1094,2025-04-11 22:42:25,16.97,44.71,BuildingB_Floor1,TypeC
1004,2025-04-09 08:30:23,27.65,57.49,BuildingB_Floor1,TypeC
1026,2025-04-09 05:08:15,27.54,44.25,BuildingA_Floor2,TypeC
1083,2025-04-08 16:24:55,16.56,39.23,BuildingA_Floor1,TypeC
1047,2025-04-11 23:36:50,28.05,57.2,BuildingB_Floor2,TypeB
1075,2025-04-07 14:22:53,18.32,41.86,BuildingB_Floor2,TypeC
1078,2025-04-10 05:46:39,18.88,61.53,BuildingA_Floor2,TypeC
1032,2025-04-08 15:40:36,15.68,53.77,BuildingA_Floor1,TypeC
1019,2025-04-09 13:57:50,32.75,44.69,BuildingB_Floor2,TypeB
1038,2025-04-11 11:49:00,17.13,64.34,BuildingA_Floor1,TypeC
1088,2025-04-09 15:02:29,26.72,52.11,BuildingB_Floor2,TypeB
1081,2025-04-09 02:54:20,19.92,77.51,BuildingB_Floor2,TypeC
1040,2025-04-10 12:51:19,17.99,50.11,BuildingA_Floor1,TypeB
1023,2025-04-08 11:48:08,30.44,39.96,BuildingB_Floor1,TypeA
1073,2025-04-09 04:22:47,32.37,79.57,BuildingA_Floor2,TypeB
1013,2025-04-09 12:20:45,24.33,57.91,BuildingB_Floor1,TypeB
1075,2025-04-08 08:43:27,33.31,67.67,BuildingB_Floor2,TypeA
1010,2025-04-09 08:17:26,26.21,32.88,BuildingA_Floor1,TypeB
1016,2025-04-09 01:47:48,31.07,55.21,BuildingB_Floor1,TypeA
1098,2025-04-08 20:25:57,32.44,68.73,BuildingB_Floor1,TypeC
1047,2025-04-10 19:51:12,29.3,73.17,BuildingA_Floor1,TypeB
1026,2025-04-10 14:04:39,19.57,54.28,BuildingA_Floor1,TypeA
1095,2025-04-09 07:45:52,18.49,71.32,BuildingA_Floor2,TypeA
1037,2025-04-08 14:00:25,16.76,53.34,BuildingA_Floor1,TypeC
1061,2025-04-07 02:48:43,28.2,59.14,BuildingA_Floor2,TypeC
1040,2025-04-11 06:32:11,26.48,45.39,BuildingA_Floor1,TypeB
1076,2025-04-08 11:56:46,22.11,69.46,BuildingA_Floor2,TypeA
1041,2025-04-09 18:18:34,30.77,71.39,BuildingA_Floor1,TypeA
1077,2025-04-10 09:18:13,18.02,63.49,BuildingA_Floor2,TypeB
1089,2025-04-07 07:19:04,16.52,48.5,BuildingB_Floor1,TypeC
1046,2025-04-11 23:19:28,33.03,57.11,BuildingB_Floor2,TypeC
1070,2025-04-10 17:06:15,26.4,51.41,BuildingA_Floor1,TypeC
1058,2025-04-08 17:18:40,31.97,66.98,BuildingA_Floor1,TypeA
1048,2025-04-09 03:47:42,26.54,78.16,BuildingB_Floor1,TypeB
1063,2025-04-07 13:28:59,25.91,66.58,BuildingB_Floor1,TypeB
1052,2025-04-10 16:55:16,23.78,31.84,BuildingA_Floor1,TypeC
1027,2025-04-08 08:10:37,32.69,43.65,BuildingA_Floor1,TypeA
1080,2025-04-11 08:27:30,17.8,76.25,BuildingA_Floor2,TypeA
1016,2025-04-09 17:57:50,31.14,53.99,BuildingA_Floor2,TypeA
1009,2025-04-07 11:23:25,30.37,60.53,BuildingA_Floor2,TypeB
1097,2025-04-10 22:33:09,28.3,67.31,BuildingB_Floor1,TypeC
1046,2025-04-07 12:17:11,19.67,57.01,BuildingB_Floor2,TypeC
1096,2025-04-08 09:30:08,16.71,75.77,BuildingB_Floor1,TypeB
1043,2025-04-08 04:50:12,27.15,63.02,BuildingA_Floor1,TypeB
1043,2025-04-10 21:15:04,29.73,40.93,BuildingB_Floor1,TypeC
1015,2025-04-09 16:17:07,19.89,67.76,BuildingB_Floor1,TypeA
1067,2025-04-09 12:40:54,28.83,41.38,BuildingA_Floor1,TypeA
1083,2025-04-07 22:26:02,19.92,36.11,BuildingB_Floor2,TypeA
1022,2025-04-10 06:40:30,15.05,51.29,BuildingA_Floor1,TypeA
1082,2025-04-07 22:14:33,34.87,56.58,BuildingA_Floor1,TypeC
1054,2025-04-10 17:56:03,30.02,46.31,BuildingB_Floor2,TypeA
1088,2025-04-07 15:28:24,32.64,72.65,BuildingA_Floor2,TypeB
1091,2025-04-10 22:56:50,18.06,79.26,BuildingB_Floor2,TypeA
1026,2025-04-10 19:22:11,19.37,71.74,BuildingB_Floor1,TypeC
1048,2025-04-10 05:29:47,27.78,48.32,BuildingA_Floor1,TypeC
1028,2025-04-10 11:25:58,21.24,36.56,BuildingB_Floor2,TypeC
1007,2025-04-07 23:07:35,33.13,50.82,BuildingB_Floor2,TypeB
1068,2025-04-11 10:49:44,18.86,65.54,BuildingA_Floor2,TypeC
1088,2025-04-10 23:22:38,23.81,58.85,BuildingA_Floor2,TypeC
1013,2025-04-08 10:57:47,34.33,43.07,BuildingA_Floor2,TypeA
1014,2025-04-09 00:21:29,16.18,45.32,BuildingB_Floor2,TypeA
1049,2025-04-09 23:28:33,27.69,47.04,BuildingB_Floor2,TypeC
1024,2025-04-08 03:47:31,26.41,35.48,BuildingA_Floor2,TypeB
1078,2025-04-11 00:28:52,32.74,67.1,BuildingA_Floor2,TypeA
1024,2025-04-09 16:59:46,18.78,43.29,BuildingB_Floor1,TypeA
1075,2025-04-08 14:03:08,32.66,45.37,BuildingA_Floor2,TypeA
1073,2025-04-07 04:52:28,31.36,36.36,BuildingA_Floor2,TypeC
1041,2025-04-11 14:03:04,29.1,77.71,BuildingA_Floor1,TypeB
1081,2025-04-07 06:56:05,30.21,41.98,BuildingB_Floor2,TypeB
1063,2025-04-08 09:10:10,29.79,37.61,BuildingA_Floor1,TypeA
1000,2025-04-09 22:48:35,21.03,40.58,BuildingA_Floor2,TypeC
1061,2025-04-11 21:59:08,31.42,63.94,BuildingA_Floor1,TypeC
1014,2025-04-07 06:51:09,24.06,63.01,BuildingA_Floor1,TypeB
1082,2025-04-09 22:53:28,28.25,79.05,BuildingB_Floor2,TypeC
1039,2025-04-11 17:10:45,30.86,45.9,BuildingB_Floor2,TypeB
1096,2025-04-09 19:22:07,18.81,49.12,BuildingA_Floor1,TypeC
1073,2025-04-08 13:20:05,17.17,79.81,BuildingB_Floor2,TypeA
1013,2025-04-10 11:00:09,30.25,33.19,BuildingB_Floor2,TypeB
1065,2025-04-11 20:15:42,31.11,40.66,BuildingA_Floor1,TypeA
1088,2025-04-11 19:55:09,29.31,59.7,BuildingB_Floor1,TypeB
1067,2025-04-10 02:45:41,16.83,60.94,BuildingB_Floor2,TypeC
1017,2025-04-09 05:39:12,23.15,73.79,BuildingA_Floor1,TypeC
1026,2025-04-10 12:29:29,20.08,45.29,BuildingB_Floor2,TypeB
1045,2025-04-08 07:19:06,19.74,72.08,BuildingB_Floor1,TypeC
1032,2025-04-09 00:43:24,28.29,76.06,BuildingA_Floor2,TypeC
1008,2025-04-09 22:32:10,18.09,65.73,BuildingA_Floor1,TypeC
1040,2025-04-07 07:20:06,16.09,75.33,BuildingA_Floor2,TypeB
1046,2025-04-08 13:06:21,19.59,71.86,BuildingB_Floor2,TypeB
1057,2025-04-08 14:17:29,15.15,64.27,BuildingB_Floor1,TypeB
1038,2025-04-09 05:12:03,18.51,51.11,BuildingB_Floor2,TypeB
1093,2025-04-08 21:45:34,23.92,74.58,BuildingA_Floor2,TypeA
1094,2025-04-08 06:47:14,23.85,52.33,BuildingA_Floor2,TypeA
1074,2025-04-11 20:48:19,19.27,52.7,BuildingB_Floor2,TypeB
1006,2025-04-11 02:45:10,31.01,63.37,BuildingB_Floor2,TypeC
1039,2025-04-10 05:33:45,29.32,43.46,BuildingA_Floor1,TypeB
1065,2025-04-09 22:08:26,21.29,42.61,BuildingA_Floor2,TypeB
1087,2025-04-09 01:54:52,21.81,46.01,BuildingA_Floor1,TypeB
1018,2025-04-11 21:05:10,17.93,57.53,BuildingB_Floor2,TypeC
1025,2025-04-11 06:01:53,30.0,53.43,BuildingB_Floor1,TypeA
1019,2025-04-10 12:37:57,27.59,71.28,BuildingA_Floor1,TypeB
1086,2025-04-11 03:46:46,27.5,72.4,BuildingA_Floor2,TypeB
1083,2025-04-10 21:13:06,16.37,30.16,BuildingB_Floor2,TypeB
1064,2025-04-09 04:54:10,29.07,53.75,BuildingA_Floor2,TypeB
1001,2025-04-10 14:50:17,24.05,56.19,BuildingA_Floor1,TypeB
1049,2025-04-08 14:54:33,31.76,33.44,BuildingA_Floor2,TypeA
1087,2025-04-11 08:36:37,24.96,63.84,BuildingA_Floor1,TypeC
1080,2025-04-10 11:28:21,28.97,66.71,BuildingB_Floor2,TypeC
1097,2025-04-11 05:00:33,20.78,45.97,BuildingA_Floor1,TypeA
1081,2025-04-07 15:00:59,23.9,72.78,BuildingB_Floor2,TypeA
1041,2025-04-10 10:20:53,24.27,76.27,BuildingA_Floor2,TypeC
1022,2025-04-10 06:07:25,33.38,69.26,BuildingA_Floor1,TypeA
1013,2025-04-08 21:20:25,32.78,64.52,BuildingB_Floor2,TypeA
1082,2025-04-07 20:10:59,26.81,63.85,BuildingA_Floor2,TypeA
1028,2025-04-11 14:15:14,23.25,53.11,BuildingA_Floor1,TypeA
1029,2025-04-11 06:42:39,19.01,71.83,BuildingA_Floor2,TypeC
1043,2025-04-11 00:46:26,26.45,68.14,BuildingB_Floor1,TypeA
1070,2025-04-08 13:45:50,27.23,60.22,BuildingA_Floor1,TypeA
1058,2025-04-09 10:31:01,32.74,79.23,BuildingA_Floor2,TypeA
1095,2025-04-09 01:54:08,17.39,57.79,BuildingA_Floor2,TypeB
1055,2025-04-09 01:19:29,31.49,55.65,BuildingB_Floor1,TypeB
1068,2025-04-07 10:21:42,27.21,76.76,BuildingB_Floor1,TypeA
1065,2025-04-08 07:13:12,15.7,40.24,BuildingB_Floor2,TypeC
1084,2025-04-09 19:38:10,16.98,70.46,BuildingA_Floor1,TypeB
1057,2025-04-07 17:16:47,28.22,61.99,BuildingA_Floor1,TypeB
1070,2025-04-10 21:41:14,23.97,67.61,BuildingA_Floor2,TypeA
1076,2025-04-10 09:58:39,17.29,46.59,BuildingB_Floor1,TypeA
1075,2025-04-10 10:35:04,26.66,76.34,BuildingA_Floor2,TypeC
1043,2025-04-08 09:09:58,24.14,75.69,BuildingA_Floor1,TypeB
1026,2025-04-09 19:19:53,17.47,78.77,BuildingA_Floor1,TypeC
1015,2025-04-08 16:17:29,23.87,34.23,BuildingA_Floor2,TypeA
1026,2025-04-08 14:30:55,34.22,50.31,BuildingA_Floor1,TypeC
1080,2025-04-09 17:54:13,18.98,60.04,BuildingB_Floor1,TypeC
1013,2025-04-10 13:00:53,25.43,79.53,BuildingB_Floor2,TypeB
1003,2025-04-10 05:53:42,16.55,68.58,BuildingB_Floor1,TypeC
1023,2025-04-09 16:01:25,27.59,47.75,BuildingB_Floor1,TypeC
1031,2025-04-11 14:32:46,33.47,36.74,BuildingA_Floor1,TypeB
1063,2025-04-09 22:29:26,15.19,41.17,BuildingB_Floor2,TypeC
1038,2025-04-07 03:54:19,23.61,57.46,BuildingB_Floor2,TypeC
1074,2025-04-11 23:55:56,33.22,31.31,BuildingB_Floor2,TypeB
1011,2025-04-08 22:58:50,30.4,73.99,BuildingB_Floor2,TypeC
1034,2025-04-09 01:31:03,33.72,34.61,BuildingB_Floor2,TypeA
1088,2025-04-11 15:54:11,32.79,39.52,BuildingB_Floor2,TypeB
1040,2025-04-09 13:41:08,22.61,30.95,BuildingB_Floor1,TypeB
1051,2025-04-09 22:01:38,26.54,77.55,BuildingA_Floor1,TypeB
1072,2025-04-09 22:13:39,29.77,60.43,BuildingA_Floor2,TypeB
1008,2025-04-08 08:05:21,24.45,74.81,BuildingB_Floor1,TypeA
1019,2025-04-07 22:05:18,24.95,41.02,BuildingB_Floor1,TypeA
1065,2025-04-08 09:47:07,28.82,64.66,BuildingA_Floor2,TypeB
1012,2025-04-10 22:31:44,16.06,44.84,BuildingA_Floor2,TypeC
1015,2025-04-09 16:55:53,32.38,45.12,BuildingA_Floor2,TypeA
1029,2025-04-08 17:01:52,15.68,69.47,BuildingA_Floor1,TypeC
1076,2025-04-08 17:41:27,21.27,33.81,BuildingB_Floor1,TypeB
1035,2025-04-11 12:43:29,18.04,76.47,BuildingB_Floor2,TypeC
1078,2025-04-08 17:52:17,22.42,42.76,BuildingA_Floor1,TypeB
1033,2025-04-10 17:49:12,27.74,51.47,BuildingA_Floor1,TypeB
1015,2025-04-08 18:32:59,33.81,65.43,BuildingB_Floor2,TypeA
1085,2025-04-08 12:46:01,25.17,53.65,BuildingA_Floor2,TypeC
1080,2025-04-10 05:14:28,30.41,78.65,BuildingA_Floor1,TypeC
1074,2025-04-07 19:50:46,31.16,32.17,BuildingA_Floor2,TypeA
1043,2025-04-09 14:17:27,15.66,76.92,BuildingB_Floor1,TypeB
1042,2025-04-10 13:53:45,30.45,31.97,BuildingB_Floor1,TypeB
1085,2025-04-10 18:00:17,17.94,66.46,BuildingB_Floor2,TypeA
1000,2025-04-10 16:32:06,19.68,79.79,BuildingB_Floor1,TypeC
1051,2025-04-08 18:35:40,15.38,58.59,BuildingB_Floor1,TypeA
1100,2025-04-10 13:31:10,20.0,39.22,BuildingB_Floor1,TypeC
1062,2025-04-12 00:44:22,28.07,59.55,BuildingB_Floor2,TypeA
1026,2025-04-11 20:44:48,22.15,60.92,BuildingA_Floor2,TypeA
1096,2025-04-07 17:10:53,34.37,55.1,BuildingB_Floor2,TypeA
1069,2025-04-08 13:05:10,26.01,30.18,BuildingA_Floor1,TypeC
1088,2025-04-09 10:28:24,21.46,68.77,BuildingA_Floor2,TypeA
1029,2025-04-09 02:02:45,17.9,34.0,BuildingB_Floor2,TypeA
1000,2025-04-10 18:29:22,18.26,48.6,BuildingB_Floor1,TypeA
1097,2025-04-07 22:56:56,25.71,60.4,BuildingB_Floor1,TypeC
1003,2025-04-10 23:19:36,30.51,51.91,BuildingB_Floor2,TypeA
1018,2025-04-08 08:07:23,24.87,70.71,BuildingB_Floor2,TypeB
1039,2025-04-09 13:31:09,16.2,45.73,BuildingB_Floor2,TypeA
1090,2025-04-09 07:08:19,15.68,61.59,BuildingA_Floor1,TypeB
1078,2025-04-07 15:29:52,26.75,69.48,BuildingB_Floor1,TypeC
1043,2025-04-10 00:07:31,26.5,72.21,BuildingA_Floor2,TypeB
1049,2025-04-10 14:53:31,25.04,72.2,BuildingA_Floor1,TypeC
1057,2025-04-09 00:45:21,34.88,57.41,BuildingB_Floor2,TypeC
1088,2025-04-11 04:37:41,15.76,62.09,BuildingA_Floor1,TypeB
1086,2025-04-07 20:48:24,17.3,73.66,BuildingB_Floor2,TypeC
1046,2025-04-10 19:12:36,29.75,79.98,BuildingA_Floor2,TypeC
1061,2025-04-07 06:53:34,18.32,52.58,BuildingA_Floor2,TypeC
1040,2025-04-10 15:29:06,15.99,49.9,BuildingA_Floor1,TypeB
1085,2025-04-10 00:45:23,28.76,39.69,BuildingB_Floor2,TypeA
1076,2025-04-08 10:55:09,23.72,53.93,BuildingB_Floor1,TypeC
1029,2025-04-11 11:29:04,21.2,60.27,BuildingA_Floor1,TypeA
1080,2025-04-08 23:10:24,18.41,39.86,BuildingB_Floor2,TypeC
1055,2025-04-09 22:41:48,20.53,46.62,BuildingA_Floor1,TypeB
1096,2025-04-10 16:43:37,24.91,46.2,BuildingA_Floor2,TypeC
1022,2025-04-09 00:31:32,19.4,59.77,BuildingA_Floor2,TypeC
1072,2025-04-11 13:26:50,28.12,60.27,BuildingA_Floor1,TypeB
1092,2025-04-08 22:30:55,25.64,45.35,BuildingB_Floor1,TypeC
1007,2025-04-07 15:03:15,26.96,52.28,BuildingB_Floor2,TypeA
1091,2025-04-10 00:52:30,19.8,69.25,BuildingB_Floor1,TypeA
1085,2025-04-07 15:33:36,17.24,62.96,BuildingB_Floor2,TypeA
1094,2025-04-09 16:55:17,27.94,78.83,BuildingB_Floor1,TypeC
1084,2025-04-09 10:07:31,16.57,50.64,BuildingA_Floor2,TypeB
1092,2025-04-11 05:28:38,33.41,32.53,BuildingB_Floor1,TypeB
1001,2025-04-10 21:08:34,17.7,52.29,BuildingA_Floor1,TypeC
1069,2025-04-07 05:36:03,16.65,51.98,BuildingB_Floor1,TypeC
1089,2025-04-10 10:11:12,15.07,49.33,BuildingB_Floor1,TypeA
1016,2025-04-08 01:00:56,25.39,76.12,BuildingB_Floor1,TypeC
1026,2025-04-08 03:30:31,21.52,74.12,BuildingB_Floor2,TypeB
1068,2025-04-07 09:58:47,30.72,57.34,BuildingB_Floor1,TypeA
1051,2025-04-08 17:03:16,22.35,38.83,BuildingB_Floor1,TypeC
1014,2025-04-09 10:21:28,33.17,33.29,BuildingA_Floor2,TypeB
1046,2025-04-07 10:04:51,19.84,69.99,BuildingB_Floor1,TypeB
1062,2025-04-12 01:18:59,33.75,60.71,BuildingB_Floor1,TypeB
1020,2025-04-07 22:35:42,26.99,66.72,BuildingA_Floor2,TypeA
1091,2025-04-09 08:07:05,19.86,72.17,BuildingB_Floor2,TypeC
1069,2025-04-11 06:35:46,18.11,58.69,BuildingB_Floor1,TypeC
1085,2025-04-09 06:36:08,24.87,62.78,BuildingA_Floor1,TypeA
1035,2025-04-10 11:12:37,27.91,48.72,BuildingB_Floor1,TypeA
1091,2025-04-10 06:04:53,19.11,72.67,BuildingB_Floor2,TypeA
1093,2025-04-10 17:41:25,26.56,67.62,BuildingA_Floor1,TypeC
1043,2025-04-07 20:15:42,19.19,69.07,BuildingA_Floor2,TypeB
1023,2025-04-11 15:34:29,23.71,75.61,BuildingB_Floor1,TypeC
1059,2025-04-07 19:11:37,27.5,53.57,BuildingB_Floor1,TypeA
1032,2025-04-08 13:09:31,19.58,51.84,BuildingA_Floor1,TypeB
1051,2025-04-11 06:05:22,27.8,44.36,BuildingA_Floor1,TypeC
1091,2025-04-09 23:35:24,24.34,68.57,BuildingA_Floor1,TypeC
1053,2025-04-12 00:25:34,24.49,54.3,BuildingB_Floor1,TypeC
1042,2025-04-08 17:15:50,25.83,46.78,BuildingB_Floor2,TypeC
1018,2025-04-07 22:48:05,25.55,73.01,BuildingB_Floor2,TypeA
1041,2025-04-07 09:10:51,23.06,52.9,BuildingA_Floor2,TypeA
1022,2025-04-08 13:45:27,33.49,38.16,BuildingB_Floor2,TypeA
1013,2025-04-08 09:16:59,29.41,44.43,BuildingB_Floor2,TypeC
1001,2025-04-08 08:46:35,29.93,51.8,BuildingB_Floor2,TypeB
1044,2025-04-10 22:50:55,16.51,58.19,BuildingB_Floor1,TypeB
1002,2025-04-07 18:45:48,31.08,36.36,BuildingA_Floor2,TypeC
1080,2025-04-07 16:04:19,32.95,53.83,BuildingB_Floor1,TypeA
1018,2025-04-08 12:24:55,19.05,49.01,BuildingB_Floor1,TypeA
1038,2025-04-10 21:07:44,25.94,67.73,BuildingB_Floor1,TypeA
1091,2025-04-09 00:09:33,17.75,72.6,BuildingA_Floor2,TypeB
1049,2025-04-10 14:36:44,21.69,72.74,BuildingA_Floor1,TypeA
1037,2025-04-10 11:09:43,19.88,56.3,BuildingA_Floor1,TypeA
1025,2025-04-07 06:23:16,18.97,53.43,BuildingA_Floor1,TypeA
1015,2025-04-09 10:31:13,21.83,41.16,BuildingB_Floor1,TypeB
1038,2025-04-11 09:11:04,31.27,54.47,BuildingB_Floor2,TypeC
1011,2025-04-08 17:28:22,17.14,44.41,BuildingA_Floor1,TypeC
1086,2025-04-09 20:17:54,25.97,70.86,BuildingA_Floor1,TypeB
1025,2025-04-10 05:45:38,23.02,73.16,BuildingB_Floor1,TypeA
1044,2025-04-08 06:35:12,22.0,36.02,BuildingA_Floor2,TypeC
1037,2025-04-07 06:36:17,17.88,37.89,BuildingA_Floor2,TypeC
1076,2025-04-08 21:43:16,23.72,46.38,BuildingB_Floor1,TypeB
1051,2025-04-11 12:12:14,30.0,35.49,BuildingB_Floor1,TypeC
1010,2025-04-11 11:01:35,30.87,73.25,BuildingA_Floor1,TypeA
1058,2025-04-07 21:43:37,16.07,61.52,BuildingA_Floor1,TypeB
1074,2025-04-11 05:46:03,15.19,39.97,BuildingB_Floor2,TypeA
1010,2025-04-08 13:55:52,31.99,56.05,BuildingB_Floor2,TypeA
1092,2025-04-09 02:10:32,26.96,66.53,BuildingB_Floor1,TypeA
1074,2025-04-10 20:05:50,19.78,63.6,BuildingB_Floor1,TypeA
1049,2025-04-08 15:31:03,23.22,57.74,BuildingB_Floor1,TypeC
1062,2025-04-10 15:53:13,31.91,75.86,BuildingA_Floor1,TypeB
1063,2025-04-10 04:56:30,20.74,48.53,BuildingB_Floor1,TypeA
1010,2025-04-11 17:29:11,25.83,43.2,BuildingA_Floor1,TypeA
1091,2025-04-09 17:34:44,20.29,65.65,BuildingB_Floor1,TypeC
1073,2025-04-10 03:04:06,29.17,44.57,BuildingA_Floor1,TypeC
1036,2025-04-10 00:27:38,26.04,34.56,BuildingA_Floor2,TypeA
1084,2025-04-10 11:22:01,24.14,49.51,BuildingA_Floor2,TypeA
1085,2025-04-11 01:32:31,27.03,31.4,BuildingB_Floor2,TypeB
1077,2025-04-11 23:09:26,31.42,52.08,BuildingB_Floor1,TypeA
1021,2025-04-09 23:19:18,24.29,41.24,BuildingA_Floor2,TypeB
1022,2025-04-10 12:37:49,26.04,32.78,BuildingA_Floor2,TypeA
1080,2025-04-09 08:05:03,23.02,62.24,BuildingA_Floor2,TypeA
1099,2025-04-10 06:57:23,23.99,35.39,BuildingB_Floor1,TypeA
1020,2025-04-10 16:59:35,26.18,41.61,BuildingA_Floor2,TypeC
1001,2025-04-11 21:41:57,27.91,62.87,BuildingA_Floor1,TypeB
1078,2025-04-08 00:22:15,25.72,51.29,BuildingA_Floor2,TypeC
1004,2025-04-09 07:38:45,15.59,38.61,BuildingB_Floor1,TypeA
1014,2025-04-08 17:16:16,22.42,51.56,BuildingA_Floor1,TypeC
1049,2025-04-10 22:58:16,22.0,76.57,BuildingA_Floor1,TypeA
1025,2025-04-09 08:21:58,15.47,50.58,BuildingB_Floor1,TypeC
1045,2025-04-07 13:35:53,15.98,70.3,BuildingA_Floor2,TypeA
1018,2025-04-08 16:58:30,17.38,58.3,BuildingB_Floor2,TypeC
1100,2025-04-10 17:42:57,22.97,78.47,BuildingB_Floor1,TypeB
1059,2025-04-09 20:05:44,23.6,67.75,BuildingB_Floor2,TypeB
1021,2025-04-08 22:12:36,18.63,79.23,BuildingA_Floor1,TypeB
1090,2025-04-09 07:44:20,19.8,53.16,BuildingB_Floor1,TypeC
1063,2025-04-07 18:52:56,20.59,34.29,BuildingB_Floor1,TypeB
1063,2025-04-11 13:13:43,15.42,34.19,BuildingA_Floor2,TypeA
1006,2025-04-09 14:54:50,19.11,71.55,BuildingB_Floor2,TypeC
1069,2025-04-07 11:48:12,26.16,41.58,BuildingA_Floor1,TypeC
1019,2025-04-07 04:36:03,20.33,50.37,BuildingB_Floor2,TypeA
1026,2025-04-08 13:20:18,27.24,38.23,BuildingA_Floor1,TypeB
1032,2025-04-10 10:13:43,15.3,64.89,BuildingA_Floor2,TypeA
1083,2025-04-11 17:46:49,32.35,68.66,BuildingA_Floor2,TypeB
1026,2025-04-08 15:48:34,30.24,50.09,BuildingA_Floor2,TypeA
1020,2025-04-08 06:04:15,32.67,77.97,BuildingA_Floor1,TypeC
1037,2025-04-07 05:53:19,15.07,58.85,BuildingA_Floor1,TypeC
1047,2025-04-07 04:20:57,28.27,72.82,BuildingB_Floor2,TypeA
1078,2025-04-07 10:46:46,33.97,72.07,BuildingB_Floor1,TypeB
1058,2025-04-11 15:23:36,16.8,33.47,BuildingB_Floor2,TypeA
1055,2025-04-09 06:37:13,26.89,44.33,BuildingA_Floor2,TypeC
1005,2025-04-10 05:48:41,23.98,32.16,BuildingB_Floor1,TypeC
1062,2025-04-11 03:03:17,22.91,74.66,BuildingB_Floor2,TypeB
1019,2025-04-08 23:53:31,15.8,44.28,BuildingA_Floor2,TypeA
1054,2025-04-10 22:03:37,33.07,64.48,BuildingB_Floor2,TypeC
1026,2025-04-11 06:52:44,15.27,48.11,BuildingB_Floor1,TypeA
1085,2025-04-08 00:25:35,29.23,58.63,BuildingB_Floor1,TypeA
1095,2025-04-10 00:09:22,28.31,76.46,BuildingA_Floor2,TypeA
1045,2025-04-07 07:28:05,28.99,53.31,BuildingA_Floor1,TypeC
1011,2025-04-10 20:06:13,32.22,51.57,BuildingA_Floor1,TypeC
1078,2025-04-09 14:34:39,30.38,56.47,BuildingA_Floor2,TypeA
1006,2025-04-11 22:16:15,24.9,78.05,BuildingB_Floor1,TypeB
1007,2025-04-09 15:23:23,18.66,54.25,BuildingA_Floor2,TypeA
1008,2025-04-11 23:44:15,28.69,58.68,BuildingB_Floor1,TypeA
1043,2025-04-10 01:03:32,27.28,44.39,BuildingA_Floor2,TypeC
1060,2025-04-09 06:52:40,30.02,34.12,BuildingA_Floor1,TypeB
1074,2025-04-09 15:14:11,23.94,71.27,BuildingB_Floor1,TypeB
1079,2025-04-11 19:05:03,27.53,56.58,BuildingA_Floor2,TypeC
1010,2025-04-11 13:08:17,29.91,36.73,BuildingB_Floor1,TypeC
1060,2025-04-09 17:01:35,27.29,56.32,BuildingB_Floor1,TypeC
1067,2025-04-10 14:57:01,17.25,61.62,BuildingA_Floor2,TypeB
1045,2025-04-10 15:11:42,27.97,38.44,BuildingB_Floor2,TypeA
1018,2025-04-10 23:19:24,24.29,33.03,BuildingA_Floor1,TypeC
1050,2025-04-09 02:35:47,21.37,38.37,BuildingB_Floor2,TypeA
1090,2025-04-09 06:41:44,26.37,51.56,BuildingA_Floor2,TypeC
1002,2025-04-11 11:48:19,26.48,55.77,BuildingA_Floor2,TypeC
1087,2025-04-09 02:02:33,18.51,41.29,BuildingB_Floor1,TypeB
1100,2025-04-07 03:56:28,17.97,35.66,BuildingB_Floor2,TypeC
1026,2025-04-10 02:40:20,17.65,77.53,BuildingB_Floor2,TypeC
1044,2025-04-07 12:47:08,20.08,59.7,BuildingA_Floor2,TypeB
1075,2025-04-08 14:34:44,17.03,56.94,BuildingB_Floor2,TypeC
1001,2025-04-09 05:42:26,15.79,43.89,BuildingA_Floor1,TypeB
1003,2025-04-07 04:00:01,27.48,54.61,BuildingA_Floor1,TypeA
1064,2025-04-11 14:26:35,28.88,66.03,BuildingB_Floor2,TypeA
1081,2025-04-12 02:13:40,26.65,32.66,BuildingB_Floor2,TypeA
1076,2025-04-10 09:23:12,15.77,72.47,BuildingA_Floor1,TypeC
1066,2025-04-11 02:21:50,16.18,41.1,BuildingB_Floor1,TypeC
1089,2025-04-08 20:40:29,26.4,34.25,BuildingA_Floor2,TypeB
1071,2025-04-11 06:32:53,31.67,46.47,BuildingB_Floor2,TypeC
1055,2025-04-11 23:13:19,21.7,38.14,BuildingB_Floor1,TypeB
1048,2025-04-08 13:00:00,31.8,64.68,BuildingA_Floor2,TypeB
1007,2025-04-07 05:22:20,15.22,35.05,BuildingB_Floor1,TypeC
1060,2025-04-11 06:29:11,15.12,79.66,BuildingA_Floor1,TypeA
1100,2025-04-07 23:18:54,27.85,58.94,BuildingB_Floor2,TypeC
1032,2025-04-10 17:28:41,19.1,78.11,BuildingB_Floor1,TypeC
1086,2025-04-07 19:25:15,33.05,34.34,BuildingB_Floor2,TypeB
1024,2025-04-10 10:29:39,33.46,79.54,BuildingB_Floor2,TypeA
1026,2025-04-09 13:34:39,34.03,57.66,BuildingA_Floor1,TypeC
1033,2025-04-11 06:13:00,32.78,36.1,BuildingB_Floor2,TypeC
1038,2025-04-12 00:14:37,25.58,77.92,BuildingA_Floor2,TypeB
1000,2025-04-07 14:27:58,17.71,60.21,BuildingA_Floor2,TypeA
1065,2025-04-07 12:42:13,15.03,43.05,BuildingA_Floor2,TypeB
1083,2025-04-10 20:33:10,21.71,78.36,BuildingB_Floor1,TypeC
1005,2025-04-07 02:32:24,34.52,60.67,BuildingB_Floor1,TypeB
1065,2025-04-09 06:52:42,30.9,62.46,BuildingA_Floor2,TypeB
1033,2025-04-08 09:19:03,28.14,36.26,BuildingA_Floor1,TypeB
1082,2025-04-08 05:13:34,25.0,63.03,BuildingA_Floor2,TypeA
1079,2025-04-08 09:29:31,17.85,41.51,BuildingA_Floor2,TypeC
1029,2025-04-07 15:39:24,30.59,71.25,BuildingA_Floor2,TypeC
1081,2025-04-11 12:18:08,28.56,34.7,BuildingB_Floor1,TypeA
1004,2025-04-10 11:11:20,27.97,55.48,BuildingB_Floor2,TypeC
1044,2025-04-09 15:44:00,28.13,54.01,BuildingA_Floor2,TypeC
1080,2025-04-08 01:21:33,16.89,78.46,BuildingA_Floor1,TypeC
1003,2025-04-09 05:35:54,32.35,75.84,BuildingA_Floor2,TypeA
1098,2025-04-10 07:07:13,29.4,32.52,BuildingB_Floor1,TypeC
1092,2025-04-10 22:20:48,33.37,56.23,BuildingB_Floor1,TypeB
1065,2025-04-07 12:50:41,24.81,61.1,BuildingB_Floor1,TypeA
1021,2025-04-09 11:34:17,26.15,59.66,BuildingA_Floor2,TypeA
1061,2025-04-10 17:07:09,28.31,48.14,BuildingA_Floor2,TypeC
1089,2025-04-11 22:21:36,15.58,30.55,BuildingA_Floor2,TypeA
1021,2025-04-07 14:38:01,20.54,35.56,BuildingB_Floor2,TypeB
1065,2025-04-09 19:46:03,20.66,47.46,BuildingA_Floor2,TypeB
1059,2025-04-07 23:28:31,34.97,46.73,BuildingB_Floor1,TypeC
1060,2025-04-09 06:04:43,21.26,50.17,BuildingB_Floor2,TypeA
1089,2025-04-09 00:52:15,29.83,66.56,BuildingA_Floor2,TypeA
1000,2025-04-11 03:50:02,34.02,54.8,BuildingB_Floor2,TypeC
1011,2025-04-10 09:15:30,19.29,70.47,BuildingA_Floor2,TypeC
1041,2025-04-09 16:51:59,31.3,62.61,BuildingB_Floor1,TypeA
1060,2025-04-11 21:42:25,15.58,58.65,BuildingB_Floor1,TypeA
1100,2025-04-08 09:43:43,16.32,52.53,BuildingA_Floor2,TypeC
1040,2025-04-11 15:24:19,28.95,59.27,BuildingB_Floor2,TypeA
1054,2025-04-10 13:03:51,22.77,39.0,BuildingA_Floor2,TypeC
1017,2025-04-08 07:51:53,16.41,32.95,BuildingB_Floor1,TypeA
1034,2025-04-08 12:24:33,31.74,43.76,BuildingA_Floor2,TypeA
1049,2025-04-09 22:24:03,18.85,58.24,BuildingA_Floor2,TypeC
1032,2025-04-10 23:00:47,23.49,33.44,BuildingA_Floor2,TypeA
1008,2025-04-08 01:27:28,25.31,72.15,BuildingB_Floor1,TypeA
1022,2025-04-07 16:47:09,25.98,41.81,BuildingB_Floor1,TypeA
1084,2025-04-08 14:15:36,28.2,36.53,BuildingA_Floor1,TypeB
1071,2025-04-08 23:08:06,20.13,39.0,BuildingA_Floor2,TypeA
1036,2025-04-10 02:50:42,15.34,67.13,BuildingA_Floor1,TypeA
1045,2025-04-11 04:38:20,30.11,75.01,BuildingB_Floor2,TypeB
1049,2025-04-11 20:42:39,25.35,56.07,BuildingA_Floor1,TypeB
1014,2025-04-11 10:40:54,30.38,43.11,BuildingA_Floor1,TypeC
1007,2025-04-10 15:38:47,29.91,63.34,BuildingB_Floor2,TypeB
1089,2025-04-10 10:32:24,21.22,57.58,BuildingA_Floor2,TypeA
1086,2025-04-11 18:17:42,18.68,70.72,BuildingB_Floor1,TypeC
1100,2025-04-11 13:32:24,20.71,60.94,BuildingA_Floor1,TypeC
1021,2025-04-11 21:22:50,23.32,49.32,BuildingA_Floor1,TypeB
1093,2025-04-07 06:12:17,34.4,75.97,BuildingA_Floor2,TypeB
1005,2025-04-09 16:43:49,26.77,31.73,BuildingB_Floor2,TypeB
1073,2025-04-08 02:22:35,27.15,63.34,BuildingB_Floor2,TypeC
1075,2025-04-09 06:01:44,24.72,40.82,BuildingB_Floor2,TypeB
1080,2025-04-09 12:41:33,28.85,58.66,BuildingB_Floor1,TypeC
1087,2025-04-10 13:43:45,23.95,61.79,BuildingB_Floor2,TypeB
1032,2025-04-08 04:40:49,27.27,64.21,BuildingB_Floor2,TypeA
1057,2025-04-10 00:46:07,30.37,65.94,BuildingA_Floor1,TypeB
1008,2025-04-08 06:42:48,16.28,59.33,BuildingA_Floor1,TypeB
1042,2025-04-10 03:58:27,25.93,75.52,BuildingA_Floor2,TypeC
1069,2025-04-08 12:55:07,28.63,43.31,BuildingA_Floor2,TypeC
1030,2025-04-09 13:21:36,15.73,51.5,BuildingB_Floor2,TypeA
1051,2025-04-08 08:54:53,30.47,36.5,BuildingB_Floor2,TypeA
1025,2025-04-10 06:25:34,29.36,66.91,BuildingB_Floor1,TypeB
1080,2025-04-07 15:51:03,21.79,32.85,BuildingA_Floor1,TypeA
1071,2025-04-11 23:02:34,19.28,71.03,BuildingA_Floor2,TypeB
1080,2025-04-07 19:07:10,26.74,46.73,BuildingB_Floor1,TypeA
1039,2025-04-07 07:56:17,22.32,60.49,BuildingA_Floor1,TypeC
1037,2025-04-08 00:51:43,24.65,58.69,BuildingA_Floor1,TypeA
1011,2025-04-11 01:15:25,32.41,32.18,BuildingA_Floor1,TypeC
1025,2025-04-08 09:31:12,24.72,33.15,BuildingB_Floor1,TypeC
1098,2025-04-11 08:38:06,17.21,75.65,BuildingB_Floor1,TypeA
1058,2025-04-07 03:22:50,34.25,75.16,BuildingB_Floor1,TypeA
1013,2025-04-07 20:14:02,23.32,50.37,BuildingA_Floor2,TypeC
1010,2025-04-07 15:19:28,21.1,32.83,BuildingA_Floor2,TypeA
1022,2025-04-09 10:02:58,24.11,55.16,BuildingB_Floor2,TypeC
1053,2025-04-11 05:28:18,30.77,58.55,BuildingB_Floor2,TypeB
1080,2025-04-10 00:24:24,32.26,43.41,BuildingA_Floor2,TypeA
1056,2025-04-11 03:39:04,29.37,65.75,BuildingA_Floor1,TypeB
1045,2025-04-08 13:27:26,26.31,50.15,BuildingA_Floor1,TypeA
1023,2025-04-11 21:10:29,25.9,69.71,BuildingA_Floor2,TypeC
1003,2025-04-10 00:17:40,17.59,45.32,BuildingA_Floor1,TypeB
1015,2025-04-10 05:34:18,33.57,60.11,BuildingA_Floor1,TypeA
1100,2025-04-09 12:35:14,15.72,43.47,BuildingB_Floor1,TypeC
1091,2025-04-10 23:05:20,21.45,36.32,BuildingA_Floor1,TypeA
1006,2025-04-08 21:39:28,25.69,35.94,BuildingA_Floor1,TypeC
1046,2025-04-11 02:03:13,20.62,44.19,BuildingA_Floor2,TypeC
1065,2025-04-09 13:17:26,16.36,66.41,BuildingA_Floor1,TypeC
1036,2025-04-10 11:59:02,32.78,43.76,BuildingB_Floor2,TypeA
1050,2025-04-10 16:32:58,28.03,63.36,BuildingB_Floor1,TypeC
1059,2025-04-07 23:37:02,15.39,78.79,BuildingA_Floor2,TypeA
1013,2025-04-07 10:06:23,16.06,42.57,BuildingA_Floor2,TypeC
1001,2025-04-11 15:36:27,31.95,66.3,BuildingB_Floor1,TypeA
1047,2025-04-08 08:58:39,29.15,77.76,BuildingB_Floor1,TypeA
1074,2025-04-10 18:59:23,27.51,63.36,BuildingB_Floor2,TypeA
1067,2025-04-08 08:29:37,25.06,30.63,BuildingB_Floor1,TypeA
1095,2025-04-11 05:18:53,24.5,56.99,BuildingA_Floor1,TypeA
1028,2025-04-11 18:56:03,28.74,35.77,BuildingB_Floor2,TypeA
1032,2025-04-08 17:23:49,29.42,69.24,BuildingA_Floor1,TypeB
1048,2025-04-09 17:30:40,16.68,33.51,BuildingA_Floor2,TypeA
1058,2025-04-10 21:35:29,17.51,55.09,BuildingB_Floor2,TypeC
1067,2025-04-08 20:08:51,28.3,35.14,BuildingA_Floor1,TypeA
1071,2025-04-10 09:30:34,26.08,50.08,BuildingB_Floor1,TypeB
1048,2025-04-10 05:59:43,15.62,42.66,BuildingB_Floor1,TypeB
1024,2025-04-07 14:32:34,17.45,70.79,BuildingA_Floor1,TypeB
1067,2025-04-11 00:06:35,17.52,73.89,BuildingA_Floor2,TypeA
1053,2025-04-09 14:05:01,32.95,48.96,BuildingA_Floor2,TypeA
1057,2025-04-10 13:06:24,27.35,47.09,BuildingA_Floor1,TypeA
1071,2025-04-08 19:44:59,24.66,40.38,BuildingB_Floor2,TypeA
1044,2025-04-07 16:03:18,19.96,65.67,BuildingA_Floor1,TypeC
1034,2025-04-07 08:10:33,34.69,66.78,BuildingB_Floor1,TypeC
1078,2025-04-08 09:15:00,18.56,33.19,BuildingA_Floor1,TypeB
1091,2025-04-11 07:19:25,20.4,34.72,BuildingB_Floor2,TypeC
1092,2025-04-10 08:47:32,31.47,44.18,BuildingB_Floor1,TypeA
1001,2025-04-07 08:43:40,32.68,52.65,BuildingB_Floor2,TypeA
1062,2025-04-11 05:09:52,30.6,44.23,BuildingA_Floor1,TypeA
1022,2025-04-08 05:00:02,18.69,41.76,BuildingA_Floor2,TypeA
1053,2025-04-10 04:31:49,24.69,51.48,BuildingB_Floor1,TypeC
1022,2025-04-11 16:12:00,20.8,39.74,BuildingA_Floor2,TypeA
1042,2025-04-10 00:59:24,30.67,51.5,BuildingB_Floor2,TypeC
1058,2025-04-11 15:10:12,25.2,41.64,BuildingB_Floor1,TypeB
1087,2025-04-08 09:53:22,20.58,44.71,BuildingB_Floor1,TypeB
1077,2025-04-10 07:06:58,29.75,36.3,BuildingA_Floor1,TypeA
1077,2025-04-09 19:11:15,28.13,38.47,BuildingB_Floor1,TypeB
1068,2025-04-07 07:57:40,21.12,69.7,BuildingA_Floor2,TypeC
1073,2025-04-11 08:53:04,20.63,55.27,BuildingA_Floor2,TypeC
1059,2025-04-10 01:57:59,17.15,43.66,BuildingB_Floor2,TypeB
1087,2025-04-10 21:47:12,30.93,48.3,BuildingB_Floor1,TypeA
1002,2025-04-09 07:11:35,28.11,78.0,BuildingA_Floor2,TypeC
1023,2025-04-11 23:26:13,22.26,59.47,BuildingA_Floor1,TypeA
1000,2025-04-07 23:33:21,19.35,43.31,BuildingA_Floor2,TypeC
1081,2025-04-09 02:21:00,19.34,78.56,BuildingB_Floor2,TypeC
1072,2025-04-10 00:32:42,21.95,49.72,BuildingB_Floor2,TypeB
1034,2025-04-11 23:03:59,22.48,35.87,BuildingB_Floor1,TypeA
1090,2025-04-11 12:16:39,32.6,37.01,BuildingB_Floor1,TypeB
1057,2025-04-07 13:48:50,20.16,77.13,BuildingB_Floor2,TypeB
1096,2025-04-07 15:16:21,22.67,49.76,BuildingB_Floor1,TypeA
1029,2025-04-08 12:28:31,28.36,59.09,BuildingA_Floor2,TypeA
1080,2025-04-08 00:25:13,16.03,31.82,BuildingB_Floor2,TypeA
1088,2025-04-10 19:46:07,33.78,61.87,BuildingB_Floor2,TypeA
1080,2025-04-07 15:20:43,33.13,77.57,BuildingB_Floor2,TypeC
1094,2025-04-12 01:46:45,23.09,52.22,BuildingB_Floor2,TypeB
1077,2025-04-09 23:31:35,17.21,46.95,BuildingA_Floor2,TypeA
1069,2025-04-10 22:02:13,19.67,67.62,BuildingA_Floor2,TypeC
1020,2025-04-11 10:36:51,16.88,49.18,BuildingB_Floor2,TypeC
1087,2025-04-07 22:17:48,15.1,77.06,BuildingA_Floor2,TypeA
1038,2025-04-08 22:16:45,24.19,65.27,BuildingA_Floor1,TypeA
1097,2025-04-11 03:18:28,15.62,34.29,BuildingB_Floor1,TypeC
1038,2025-04-08 15:08:53,27.28,45.34,BuildingA_Floor1,TypeC
1042,2025-04-07 07:13:23,28.4,77.94,BuildingB_Floor1,TypeC
1056,2025-04-07 04:08:44,33.97,33.86,BuildingB_Floor2,TypeB
1044,2025-04-12 00:05:11,25.96,78.19,BuildingA_Floor2,TypeA
1032,2025-04-08 23:41:11,20.4,34.51,BuildingA_Floor2,TypeB
1091,2025-04-10 19:23:26,17.86,78.71,BuildingA_Floor1,TypeA
1047,2025-04-11 14:59:39,28.86,39.72,BuildingB_Floor2,TypeA
1076,2025-04-08 09:55:33,26.63,35.53,BuildingA_Floor2,TypeB
1015,2025-04-07 10:04:22,23.25,50.68,BuildingA_Floor2,TypeC
1096,2025-04-09 21:58:30,32.87,47.55,BuildingA_Floor2,TypeC
1087,2025-04-09 15:02:41,20.32,58.56,BuildingA_Floor2,TypeB
1011,2025-04-08 11:40:01,34.49,70.31,BuildingB_Floor2,TypeB
1071,2025-04-11 20:32:58,17.21,66.23,BuildingB_Floor1,TypeC
1015,2025-04-10 11:23:01,22.18,60.13,BuildingB_Floor2,TypeB
1049,2025-04-09 16:43:32,22.78,73.32,BuildingA_Floor2,TypeB
1089,2025-04-11 19:46:58,15.35,32.34,BuildingA_Floor2,TypeC
1076,2025-04-10 01:53:27,20.33,67.66,BuildingA_Floor2,TypeC
1043,2025-04-09 16:20:29,17.29,67.42,BuildingB_Floor2,TypeB
1044,2025-04-08 03:40:43,22.51,62.92,BuildingB_Floor1,TypeC
1041,2025-04-11 23:17:30,18.83,49.13,BuildingA_Floor2,TypeA
1082,2025-04-08 04:12:04,27.92,47.68,BuildingB_Floor1,TypeC
1085,2025-04-10 04:23:45,21.74,63.87,BuildingA_Floor2,TypeC
1064,2025-04-12 00:48:24,32.19,74.92,BuildingA_Floor2,TypeC
1063,2025-04-08 13:23:16,34.45,32.7,BuildingB_Floor1,TypeB
1062,2025-04-08 20:09:03,23.8,51.49,BuildingB_Floor2,TypeC
1077,2025-04-07 16:16:35,15.77,66.51,BuildingB_Floor2,TypeC
1072,2025-04-07 11:18:49,24.11,72.64,BuildingA_Floor1,TypeB
1080,2025-04-10 09:36:02,16.53,32.8,BuildingA_Floor2,TypeB
1018,2025-04-08 05:14:20,29.63,45.46,BuildingB_Floor2,TypeB
1099,2025-04-11 11:15:01,29.38,79.13,BuildingB_Floor1,TypeA
1049,2025-04-11 05:44:22,17.73,35.76,BuildingB_Floor1,TypeC
1044,2025-04-10 19:05:30,34.09,72.53,BuildingB_Floor1,TypeA
1069,2025-04-08 11:38:40,32.42,70.27,BuildingA_Floor2,TypeB
1075,2025-04-11 02:11:49,26.1,43.3,BuildingA_Floor1,TypeA
1017,2025-04-11 02:57:50,26.58,65.67,BuildingA_Floor1,TypeA
1071,2025-04-07 03:01:05,22.85,35.29,BuildingB_Floor2,TypeB
1028,2025-04-08 23:59:53,15.49,67.41,BuildingA_Floor1,TypeC
1096,2025-04-10 23:49:56,24.17,48.73,BuildingA_Floor1,TypeA
1014,2025-04-08 13:58:47,17.06,37.05,BuildingB_Floor2,TypeC
1049,2025-04-11 19:41:55,30.99,73.51,BuildingB_Floor2,TypeB
1099,2025-04-10 11:35:07,29.68,62.61,BuildingB_Floor2,TypeB
1094,2025-04-07 17:15:41,21.47,71.38,BuildingB_Floor1,TypeB
1062,2025-04-11 12:20:59,23.16,49.4,BuildingA_Floor1,TypeB
1071,2025-04-09 01:46:48,19.88,53.26,BuildingA_Floor1,TypeB
1081,2025-04-08 04:03:20,29.83,64.57,BuildingA_Floor2,TypeC
1047,2025-04-09 11:10:55,33.9,49.7,BuildingB_Floor2,TypeA
1015,2025-04-08 03:18:57,28.87,76.81,BuildingB_Floor1,TypeA
1071,2025-04-08 15:41:04,21.62,40.34,BuildingB_Floor2,TypeC
1098,2025-04-07 17:40:46,34.33,53.95,BuildingB_Floor2,TypeB
1027,2025-04-09 01:05:31,30.44,73.82,BuildingA_Floor1,TypeC
1059,2025-04-07 15:56:35,34.67,68.18,BuildingA_Floor2,TypeC
1048,2025-04-08 15:38:18,30.91,79.33,BuildingB_Floor1,TypeC
1031,2025-04-07 07:23:33,19.88,44.72,BuildingA_Floor2,TypeA
1076,2025-04-11 08:43:50,29.72,71.55,BuildingA_Floor1,TypeB
1009,2025-04-08 07:41:06,31.11,33.08,BuildingA_Floor1,TypeA
1052,2025-04-07 09:05:38,20.37,31.47,BuildingB_Floor1,TypeC
1053,2025-04-10 11:33:50,23.68,49.88,BuildingA_Floor2,TypeC
1021,2025-04-10 00:19:06,25.09,79.06,BuildingA_Floor1,TypeA
1046,2025-04-09 10:57:39,21.92,39.48,BuildingA_Floor2,TypeB
1066,2025-04-11 19:53:30,29.67,71.82,BuildingB_Floor1,TypeB
1017,2025-04-08 06:43:07,31.83,65.82,BuildingA_Floor1,TypeA
1008,2025-04-08 19:53:50,28.96,78.77,BuildingB_Floor2,TypeB
1007,2025-04-09 22:22:41,33.65,56.55,BuildingA_Floor2,TypeC
1097,2025-04-07 11:13:48,31.76,71.32,BuildingB_Floor1,TypeB
1092,2025-04-09 16:07:08,17.7,59.06,BuildingB_Floor1,TypeC
1091,2025-04-08 05:08:59,29.9,57.9,BuildingB_Floor2,TypeA
1011,2025-04-07 09:02:47,24.77,54.13,BuildingB_Floor1,TypeA
1071,2025-04-12 00:21:28,20.03,35.11,BuildingB_Floor2,TypeC
1008,2025-04-09 13:08:26,29.13,59.76,BuildingB_Floor2,TypeA
1070,2025-04-11 11:08:39,20.43,78.76,BuildingB_Floor1,TypeC
1022,2025-04-10 21:59:33,34.63,55.92,BuildingA_Floor1,TypeC
1010,2025-04-09 17:07:18,28.05,73.65,BuildingB_Floor1,TypeB
1070,2025-04-10 05:12:38,16.22,49.21,BuildingB_Floor2,TypeB
1091,2025-04-09 17:44:32,27.65,32.06,BuildingA_Floor1,TypeB
1081,2025-04-11 18:20:17,26.35,60.03,BuildingA_Floor1,TypeC
1091,2025-04-09 05:15:20,21.79,63.14,BuildingA_Floor2,TypeB
1067,2025-04-07 04:46:08,19.3,40.87,BuildingA_Floor2,TypeC
1095,2025-04-09 10:50:06,30.03,69.44,BuildingB_Floor1,TypeB
1023,2025-04-09 14:13:25,34.71,76.61,BuildingB_Floor2,TypeB
1089,2025-04-08 06:39:58,29.8,34.93,BuildingB_Floor1,TypeA
1047,2025-04-09 17:20:17,29.8,79.29,BuildingA_Floor1,TypeB
1027,2025-04-08 00:14:38,33.5,61.04,BuildingB_Floor1,TypeA
1027,2025-04-09 08:04:07,34.32,41.06,BuildingB_Floor2,TypeB
1086,2025-04-07 17:59:05,21.07,62.68,BuildingA_Floor2,TypeA
1085,2025-04-09 06:09:58,22.01,72.26,BuildingB_Floor2,TypeA
1010,2025-04-07 18:41:06,18.64,44.09,BuildingB_Floor1,TypeB
1100,2025-04-10 03:17:37,15.53,39.54,BuildingB_Floor1,TypeC
1022,2025-04-09 07:32:54,33.58,51.47,BuildingB_Floor1,TypeB
1067,2025-04-10 21:09:45,23.7,52.54,BuildingB_Floor2,TypeB
1062,2025-04-07 05:23:32,19.67,42.22,BuildingB_Floor1,TypeA
1065,2025-04-09 23:21:14,18.58,51.62,BuildingA_Floor1,TypeC
1040,2025-04-09 10:16:23,26.29,72.24,BuildingA_Floor2,TypeB
1069,2025-04-11 19:57:11,29.39,38.91,BuildingA_Floor1,TypeB
1029,2025-04-09 13:50:28,15.44,60.92,BuildingB_Floor2,TypeA
1048,2025-04-09 10:07:45,18.3,30.59,BuildingB_Floor2,TypeA
1024,2025-04-09 05:05:07,32.24,64.13,BuildingB_Floor2,TypeB
1031,2025-04-08 17:06:20,26.63,47.64,BuildingA_Floor1,TypeB
1038,2025-04-09 14:24:43,28.89,46.86,BuildingB_Floor2,TypeB
1010,2025-04-07 03:11:20,31.37,61.67,BuildingB_Floor1,TypeC
1096,2025-04-09 12:48:01,27.01,42.12,BuildingB_Floor2,TypeA
1073,2025-04-10 16:30:42,32.76,62.78,BuildingA_Floor2,TypeA
1088,2025-04-08 11:50:42,33.31,53.55,BuildingA_Floor2,TypeB
1032,2025-04-10 11:29:26,17.62,75.98,BuildingA_Floor2,TypeA
1031,2025-04-08 22:36:42,25.08,74.99,BuildingB_Floor1,TypeC
1014,2025-04-07 06:25:06,31.2,76.87,BuildingA_Floor2,TypeB
1020,2025-04-10 18:56:31,18.01,49.49,BuildingA_Floor2,TypeC
1034,2025-04-12 02:02:27,26.61,66.96,BuildingB_Floor2,TypeB
1031,2025-04-11 05:17:51,32.12,53.86,BuildingA_Floor2,TypeA
1075,2025-04-08 09:55:41,31.59,48.78,BuildingB_Floor2,TypeA
1077,2025-04-07 09:51:25,20.86,58.2,BuildingA_Floor2,TypeB
1053,2025-04-11 09:34:03,29.15,68.43,BuildingB_Floor2,TypeA
1100,2025-04-09 13:47:42,20.13,74.18,BuildingB_Floor1,TypeC
1038,2025-04-08 23:34:57,28.52,51.49,BuildingA_Floor2,TypeC
1060,2025-04-09 23:27:52,32.78,46.57,BuildingB_Floor2,TypeC
1084,2025-04-10 04:48:59,20.71,39.33,BuildingA_Floor1,TypeC
1059,2025-04-07 11:03:18,23.36,43.61,BuildingA_Floor2,TypeB
1038,2025-04-11 14:54:03,18.98,44.65,BuildingA_Floor2,TypeC
1062,2025-04-08 22:34:12,24.32,38.65,BuildingB_Floor1,TypeB
1015,2025-04-11 08:03:55,20.12,69.68,BuildingA_Floor2,TypeC
1094,2025-04-07 08:32:10,27.12,79.59,BuildingB_Floor2,TypeB
1029,2025-04-07 21:24:04,24.68,59.37,BuildingB_Floor1,TypeC
1078,2025-04-08 03:50:47,17.04,52.38,BuildingA_Floor2,TypeB
1087,2025-04-09 23:32:15,23.28,60.2,BuildingB_Floor2,TypeB
1012,2025-04-09 15:14:48,15.81,30.51,BuildingB_Floor1,TypeA
1092,2025-04-07 14:48:46,34.12,69.28,BuildingA_Floor2,TypeA
1100,2025-04-08 21:21:17,26.75,40.41,BuildingB_Floor2,TypeB
1004,2025-04-07 14:07:47,29.76,31.73,BuildingB_Floor2,TypeA
1011,2025-04-07 23:42:21,32.48,52.06,BuildingB_Floor1,TypeC
1057,2025-04-11 19:22:28,20.71,31.16,BuildingB_Floor2,TypeB
1063,2025-04-11 02:07:10,21.65,38.89,BuildingA_Floor1,TypeB
1078,2025-04-11 05:58:06,28.58,51.23,BuildingB_Floor1,TypeC
1021,2025-04-07 04:55:06,22.38,47.63,BuildingA_Floor2,TypeC
1054,2025-04-11 12:59:29,18.85,31.55,BuildingA_Floor1,TypeC
1079,2025-04-09 03:50:09,16.15,79.8,BuildingA_Floor1,TypeC
1011,2025-04-11 01:03:42,30.74,64.54,BuildingA_Floor1,TypeB
1020,2025-04-09 15:51:36,28.17,46.67,BuildingB_Floor2,TypeB
1060,2025-04-09 17:42:24,19.24,40.08,BuildingA_Floor2,TypeC
1047,2025-04-10 20:15:03,27.32,69.23,BuildingA_Floor1,TypeB
1096,2025-04-10 15:35:54,18.09,40.71,BuildingA_Floor1,TypeC
1026,2025-04-10 07:14:33,20.5,64.99,BuildingB_Floor2,TypeC
1076,2025-04-11 01:44:38,19.42,63.27,BuildingA_Floor2,TypeC
1057,2025-04-08 06:09:01,29.95,46.72,BuildingA_Floor2,TypeA
